"Marker","Chr","Pos","Traits"
"S1_5101469",1,5101469,"NDRE;NDRE (flowering covariate)"
"S1_7442679",1,7442679,"NDVI"
"S1_7584419",1,7584419,"Flowering Time"
"S1_14448039",1,14448039,"D2 Aphid Damage (log)"
"S1_30327933",1,30327933,"Flowering Time"
"S1_30462377",1,30462377,"Flowering Time"
"S1_53884564",1,53884564,"NDVI"
"S1_61018734",1,61018734,"D2 Aphid Damage (log)"
"S1_69017297",1,69017297,"NDRE"
"S1_69943445",1,69943445,"D1 Aphid Count (log)"
"S1_75769305",1,75769305,"Flowering Time"
"S1_77830606",1,77830606,"Plant Height (log)"
"S1_78291738",1,78291738,"Plant Height (log)"
"S2_887719",2,887719,"NDVI"
"S2_2488178",2,2488178,"Flowering Time"
"S2_3203597",2,3203597,"D1 Aphid Damage (log)"
"S2_6406243",2,6406243,"Plant Height (log)"
"S2_12734125",2,12734125,"D1 Aphid Count (log)"
"S2_58508219",2,58508219,"NDRE"
"S2_61431704",2,61431704,"NDRE;NDRE (flowering covariate);NDVI"
"S3_4423241",3,4423241,"Flowering Time"
"S3_4423302",3,4423302,"Flowering Time"
"S3_11473429",3,11473429,"D2 Aphid Damage (log)"
"S3_19558428",3,19558428,"NDRE;NDVI"
"S3_19929613",3,19929613,"NDRE"
"S3_24142576",3,24142576,"Flowering Time"
"S3_62675143",3,62675143,"Flowering Time"
"S3_69633709",3,69633709,"NDRE"
"S3_71925075",3,71925075,"Plant Height (log)"
"S4_4926137",4,4926137,"Flowering Time"
"S4_59580888",4,59580888,"D1 Aphid Damage (log)"
"S5_579450",5,579450,"D2 Aphid Damage (log)"
"S5_3230535",5,3230535,"NDRE"
"S5_3282948",5,3282948,"NDVI"
"S5_4781295",5,4781295,"NDRE (flowering covariate)"
"S5_17668747",5,17668747,"D2 Aphid Damage (log)"
"S5_18325038",5,18325038,"NDRE"
"S5_59027842",5,59027842,"D2 Aphid Damage (log)"
"S5_63115742",5,63115742,"NDRE"
"S5_63115845",5,63115845,"NDRE;NDVI"
"S5_66623662",5,66623662,"D1 Aphid Damage (log)"
"S6_179752",6,179752,"D1 Aphid Count (log)"
"S6_334458",6,334458,"D1 Aphid Damage (log)"
"S6_799609",6,799609,"NDRE (flowering covariate)"
"S6_3050581",6,3050581,"D2 Aphid Damage (log)"
"S6_3383155",6,3383155,"NDVI"
"S6_5952983",6,5952983,"D2 Aphid Damage (log)"
"S6_32034639",6,32034639,"NDRE"
"S6_40987299",6,40987299,"Flowering Time"
"S6_41220100",6,41220100,"Plant Height (log)"
"S6_41901439",6,41901439,"Plant Height (log)"
"S6_41901455",6,41901455,"Plant Height (log)"
"S6_43670583",6,43670583,"Plant Height (log)"
"S6_47774370",6,47774370,"Flowering Time"
"S6_50581550",6,50581550,"Flowering Time"
"S6_50582469",6,50582469,"Flowering Time"
"S6_53836196",6,53836196,"D2 Aphid Damage (log)"
"S6_58686833",6,58686833,"NDRE;NDRE (flowering covariate)"
"S6_60922873",6,60922873,"NDRE;NDRE (flowering covariate)"
"S7_638972",7,638972,"NDRE"
"S7_2494675",7,2494675,"Greenhouse Damage"
"S7_2559101",7,2559101,"Flowering Time"
"S7_2888228",7,2888228,"D1 Aphid Count (log)"
"S7_5475915",7,5475915,"D2 Aphid Damage (log)"
"S7_5659173",7,5659173,"D2 Aphid Damage (log)"
"S7_6208175",7,6208175,"D2 Aphid Damage (log)"
"S7_19191457",7,19191457,"D1 Aphid Damage (log)"
"S7_39614932",7,39614932,"Flowering Time"
"S7_56661119",7,56661119,"D1 Aphid Damage (log)"
"S7_58778565",7,58778565,"D1 Aphid Count (log)"
"S7_58839694",7,58839694,"D1 Aphid Count (log)"
"S7_59614079",7,59614079,"Plant Height (log)"
"S8_11408106",8,11408106,"D1 Aphid Damage (log)"
"S8_11781182",8,11781182,"D1 Aphid Count (log);D2 Aphid Damage (log)"
"S8_39703004",8,39703004,"Flowering Time"
"S8_39703090",8,39703090,"NDRE"
"S8_45638928",8,45638928,"Plant Height (log)"
"S8_53938888",8,53938888,"D2 Aphid Damage (log)"
"S8_59192389",8,59192389,"NDRE"
"S8_60394416",8,60394416,"NDRE"
"S9_1531143",9,1531143,"D1 Aphid Count (log)"
"S9_1612388",9,1612388,"D1 Aphid Count (log)"
"S9_3054933",9,3054933,"SAVI;SAVI (flowering covariate)"
"S9_41572616",9,41572616,"D1 Aphid Count (log)"
"S9_49705844",9,49705844,"D2 Aphid Damage (log)"
"S9_56243634",9,56243634,"Plant Height (log)"
"S9_56243635",9,56243635,"Plant Height (log)"
"S9_56243636",9,56243636,"Plant Height (log)"
"S9_56273969",9,56273969,"Plant Height (log)"
"S9_56322097",9,56322097,"Plant Height (log)"
"S9_56374899",9,56374899,"Plant Height (log)"
"S9_56389188",9,56389188,"Plant Height (log)"
"S9_56469772",9,56469772,"Plant Height (log)"
"S9_56472283",9,56472283,"Plant Height (log)"
"S9_56475854",9,56475854,"Plant Height (log)"
"S9_56475857",9,56475857,"Plant Height (log)"
"S9_56478390",9,56478390,"Plant Height (log)"
"S9_56482848",9,56482848,"Plant Height (log)"
"S9_56520725",9,56520725,"Plant Height (log)"
"S9_56521004",9,56521004,"Plant Height (log)"
"S9_56521102",9,56521102,"Plant Height (log)"
"S9_56521857",9,56521857,"Plant Height (log)"
"S9_56524133",9,56524133,"Plant Height (log)"
"S9_56530072",9,56530072,"Plant Height (log)"
"S9_56657642",9,56657642,"D2 Aphid Damage (log)"
"S9_56678671",9,56678671,"D2 Aphid Damage (log)"
"S9_56705459",9,56705459,"Plant Height (log)"
"S9_56715113",9,56715113,"Plant Height (log)"
"S9_56747495",9,56747495,"Plant Height (log)"
"S9_56765653",9,56765653,"Plant Height (log)"
"S9_57004218",9,57004218,"Plant Height (log)"
"S9_57051085",9,57051085,"Plant Height (log)"
"S9_57060473",9,57060473,"Plant Height (log)"
"S9_57065264",9,57065264,"Plant Height (log)"
"S9_57065277",9,57065277,"Plant Height (log)"
"S9_57068526",9,57068526,"Plant Height (log)"
"S9_57068567",9,57068567,"Plant Height (log)"
"S9_57068940",9,57068940,"Plant Height (log)"
"S9_57069122",9,57069122,"Plant Height (log)"
"S9_57100868",9,57100868,"Plant Height (log)"
"S9_57109951",9,57109951,"Plant Height (log)"
"S9_57152651",9,57152651,"Plant Height (log)"
"S9_57152709",9,57152709,"Plant Height (log)"
"S9_57172609",9,57172609,"Plant Height (log)"
"S9_57178940",9,57178940,"Plant Height (log)"
"S9_57188757",9,57188757,"Plant Height (log)"
"S9_57212498",9,57212498,"Plant Height (log)"
"S9_57323641",9,57323641,"Plant Height (log)"
"S9_57324019",9,57324019,"Plant Height (log)"
"S9_57332127",9,57332127,"Plant Height (log)"
"S9_57332128",9,57332128,"Plant Height (log)"
"S9_57332139",9,57332139,"Plant Height (log)"
"S9_57434537",9,57434537,"Plant Height (log)"
"S9_57434603",9,57434603,"Plant Height (log)"
"S9_57434803",9,57434803,"Plant Height (log)"
"S9_57434819",9,57434819,"Plant Height (log)"
"S9_57434878",9,57434878,"Plant Height (log)"
"S9_57517028",9,57517028,"Plant Height (log)"
"S9_57525342",9,57525342,"Plant Height (log)"
"S9_57525344",9,57525344,"Plant Height (log)"
"S9_57611406",9,57611406,"Plant Height (log)"
"S9_57611460",9,57611460,"Plant Height (log)"
"S9_57641925",9,57641925,"Plant Height (log)"
"S9_57657316",9,57657316,"Plant Height (log)"
"S9_57657554",9,57657554,"Plant Height (log)"
"S9_57657830",9,57657830,"Plant Height (log)"
"S9_57687969",9,57687969,"Plant Height (log)"
"S9_57698392",9,57698392,"Plant Height (log)"
"S9_57708044",9,57708044,"Plant Height (log)"
"S9_57710230",9,57710230,"Plant Height (log)"
"S9_57804067",9,57804067,"Plant Height (log)"
"S9_57894247",9,57894247,"Flowering Time"
"S9_57899689",9,57899689,"Flowering Time"
"S9_57914426",9,57914426,"Plant Height (log)"
"S9_57925883",9,57925883,"Plant Height (log)"
"S9_57929565",9,57929565,"Plant Height (log)"
"S9_58070623",9,58070623,"Plant Height (log)"
"S9_58070798",9,58070798,"Plant Height (log)"
"S9_58170510",9,58170510,"Plant Height (log)"
"S9_58198140",9,58198140,"Plant Height (log)"
"S9_58259988",9,58259988,"Plant Height (log)"
"S9_58432671",9,58432671,"Plant Height (log)"
"S9_58438313",9,58438313,"Plant Height (log)"
"S9_58438314",9,58438314,"Plant Height (log)"
"S10_682016",10,682016,"NDRE"
"S10_2507813",10,2507813,"D1 Aphid Count (log);D2 Aphid Damage (log)"
"S10_8350074",10,8350074,"D1 Aphid Damage (log)"
"S10_15424451",10,15424451,"D1 Aphid Damage (log)"
"S10_21966301",10,21966301,"NDRE"
"S10_57134221",10,57134221,"D2 Aphid Damage (log)"
